SOURCE,TEXT,
http://g1.globo.com/politica/noticia/advogado-diz-que-aecio-recebeu-legalmente-emprestimo-de-empresario.ghtml,"Nota à Imprensa
O senador Aécio Neves foi surpreendido hoje (18/05) com a gravidade das medidas autorizadas pela Justiça, a partir da reunião havida com o sr. Joesley Batista.
Tratou-se única e exclusivamente de uma relação entre pessoas privadas, em que o senador solicitou apoio para cobrir custos de sua defesa, já que não dispunha de recursos para tal.
Foi proposta, em primeiro lugar, a venda ao executivo de um apartamento de propriedade da família. O delator propôs, entretanto, já atendendo aos interesses de sua delação, emprestar recursos lícitos provenientes de sua empresa, o que ocorreu sem qualquer contrapartida, sem qualquer ato que mesmo remotamente possa ser considerado ilegal ou mesmo que tenha qualquer relação com o setor público.
Registre-se ainda que a intenção do senador sempre foi, quando da venda do apartamento, ressarcir o empresário.
O senador Aécio Neves lamenta profundamente versões que têm sido divulgadas sobre o caso e, com serenidade e firmeza, vai demonstrar a correção de suas ações e de seus familiares, e a farsa de que foi vítima, montada pelo delator de forma premeditada e criminosa, induzindo as conversas para alcançar seus objetivos de obter os benefícios da delação.
O senador manifesta sua incompreensão e inconformismo pelo pedido de prisão preventiva de sua irmã Andrea Neves, que nada mais fez do que atender seu pedido de levar ao empresário, uma vez que o senador se encontrava em, Brasília, a proposta de venda do apartamento da família.
Apesar de toda essa violência, o senador segue confiando nas instituições na certeza de que a Justiça, feitas as devidas investigações, demonstrará a absoluta correção dos seus atos e de seus familiares.
José Eduardo Alckmin
Advogado do senador Aécio Neves",
http://politica.estadao.com.br/blogs/fausto-macedo/irma-de-aecio-queria-r-40-mi-para-comprar-apartamento-diz-delator/,"“Andrea Neves, irmã do senador, em busca de apoio para pagamento da defesa do irmão, a pedido dele procurou o empresário, a quem não conhecia, e ofereceu a ele comprar o referido apartamento de propriedade de sua mãe há mais de 30 anos, e onde ela ainda reside, como forma de, como parte da venda, a família poder honrar as despesas com a defesa do senador”",
http://politica.estadao.com.br/blogs/fausto-macedo/irma-de-aecio-queria-r-40-mi-para-comprar-apartamento-diz-delator/,"“Jamais houve, assim, pedido de recursos para a compra de um apartamento, mas, sim, que o apartamento da família fosse comprado pelo empresário.
A proposta de um pagamento feito de forma direta pra os advogados foi feita pelo delator já como estratégia da sua delação”",
http://politica.estadao.com.br/blogs/fausto-macedo/irma-de-aecio-queria-r-40-mi-para-comprar-apartamento-diz-delator/,"“Tratou-se única e exclusivamente de uma relação entre pessoas privadas, em que o senador solicitou apoio para cobrir custos de sua defesa, já que não dispunha de recursos para tal”",
https://oglobo.globo.com/brasil/advogado-de-temer-fala-em-adulteracao-de-gravacao-feita-por-dono-da-jbs-21368888,"“No diálogo com Joesley Batista, o presidente Michel Temer diz que nada fez pelo ex-deputado Eduardo Cunha. Isso prova que o presidente não obstruiu a Justiça. Michel Temer não recebeu valores, a não ser os permitidos pela Lei Eleitoral e declarados ao Tribunal Superior Eleitoral (TSE). Portanto, não tem envolvimento em nenhum tipo de crime.”

Leia mais: https://oglobo.globo.com/brasil/advogado-de-temer-fala-em-adulteracao-de-gravacao-feita-por-dono-da-jbs-21368888#ixzz4heCCA25Z 
stest ",
http://g1.globo.com/rio-de-janeiro/noticia/eike-tem-r-900-milhoes-bloqueados-e-nao-ha-como-pagar-fianca-diz-advogado.ghtml,"""A nova decisão (...) ampliando o limite total de bens que deve permanecer bloqueado, implica na expropriação ilegal de todo patrimônio de Eike Batista e, se não imediatamente revista, impossibilitará o pagamento da fiança imposta e acarretará, consequentemente, o retorno de Eike Batista à prisão, contrariando decisão do Supremo Tribunal Federal"".",
https://www.campograndenews.com.br/politica/delacao-sem-prova-e-mera-papagaiada-diz-advogado-de-zeca-do-pt,"“O deputado Zeca do PT não tem o menor temor da alardeada delação dos executivos do grupo JBS, já que na condição de ex-governador do Estado, nunca pediu e nem tomou conhecimento de que alguém tenha pedido propina ao referido grupo em seu nome ou em nome do seu governo.

Resta desafiado que seja apresentado qualquer prova ou indício do fato aludido na referida delação.

O Deputado Zeca do PT confia que o poder judiciário ao final da apuração saberá distinguir as verdadeiras imputações daquelas que tem um único propósito: Obter benefício com uso indevido da delação premiada.

Deputado Federal Zeca do PT
19/05/2017",
http://blogs.ne10.uol.com.br/jamildo/2017/05/19/jbs-diz-que-deu-r-15-milhoes-em-propina-para-campanhas-de-eduardo-e-paulo-camara-e-ainda-cita-geraldo-e-fbc/,"<p><em>&#8220;Venho repudiar, veementemente, a exploração política do <a href=""http://blogs.ne10.uol.com.br/jamildo/2017/05/04/para-ptb-porta-voz-do-psb-deve-cobrar-dos-lideres-cronograma-de-entrega-das-obras-paralisadas/"">depoimento do delator Ricardo Saud, que, já antecipo, não corresponde à verdade. Não recebi d</a>oação da JBS de nenhuma forma. Nunca solicitei e nem recebi recursos de qualquer empresa em troca de favores. Tenho uma vida dedicada ao serviço público. Sou um homem de classe média, que vivo do meu salário.</em></p>
<p><em>Como comprovará quem se der ao trabalho de ler o documento que sintetiza a delação, o próprio delator afirma (no anexo 36, folhas 72 e 73) que nas doações feitas ao PSB Nacional &#8220;não houve negociação nem promessa de ato de ofício&#8221;, o que significa que jamais houve qualquer compromisso de troca de favores ou benefícios. Desta forma, é completamente descabido o uso de expressões como &#8220;propina&#8221; ou “pagamento”.</em></p>
<p><em>Reafirmo a Pernambuco e ao Brasil que todas as doações para a minha campanha foram feitas na forma da lei, registradas e aprovadas pela Justiça Eleitoral&#8221;.</em></p>
<p><em>Paulo Câmara</em><br />
 <em> Governador de Pernambuco</em></p>
<h2>Geraldo Júlio</h2>",
http://blogs.ne10.uol.com.br/jamildo/2017/05/19/jbs-diz-que-deu-r-15-milhoes-em-propina-para-campanhas-de-eduardo-e-paulo-camara-e-ainda-cita-geraldo-e-fbc/,"<p><em>&#8220;Diante da menção ao seu nome por um dos delatores da JBS, divulgada <a href=""http://blogs.ne10.uol.com.br/jamildo/2017/04/13/executivos-da-odebrecht-falam-em-doacoes-de-caixa-2-para-campanha-de-geraldo-julio/"">hoje pela imprensa, o Prefeito Geraldo Julio repudia veementemente as acusações </a>e esclarece que nunca tratou de recursos ilegais com essa empresa ou com qualquer outra. O próprio documento divulgado pela justiça registra que as doações feitas a campanha nacional do PSB não foram por troca de favores. Todas as doações recebidas pelo partido foram legais.&#8221;</em></p>
<p><em>Geraldo Julio</em><br />
 <em> Prefeito do Recife</em></p>",
http://www1.folha.uol.com.br/poder/2017/04/1874691-politicos-citados-na-lista-de-fachin-negam-irregularidades.shtml,não tem conhecimento do depoimento e não vai se manifestar,
http://www1.folha.uol.com.br/poder/2017/04/1874691-politicos-citados-na-lista-de-fachin-negam-irregularidades.shtml,O ministro Aloysio Nunes Ferreira disse que as afirmações são mentirosas. Mas só vai se manifestar depois que tiver acesso ao conteúdo do pedido de inquérito,
http://www1.folha.uol.com.br/poder/2017/04/1874691-politicos-citados-na-lista-de-fachin-negam-irregularidades.shtml,"Lamento que meu nome tenha sido incluído numa lista de pessoas citadas em delações da Construtora Odebrecht, sem que eu tivesse qualquer possibilidade de acesso ao conteúdo para me defender. Me causa grande constrangimento ter minha honra e dignidade maculadas, numa situação na qual não sei sequer do que sou acusado. Mesmo assim, gostaria de esclarecer que:<br>",
http://www1.folha.uol.com.br/poder/2017/04/1874691-politicos-citados-na-lista-de-fachin-negam-irregularidades.shtml,"De acordo com a legislação eleitoral, solicitei doações para diversas empresas, inclusive a Odebrecht, como já foi anteriormente noticiado. O sistema democrático vigente estabelecia a participação de instituições privadas por meio de doações. Mantive uma relação institucional com todas essas empresas. Em todo o meu mandato, sempre atuei em prol de interesses coletivos. Atuei de acordo com a minha consciência.",1. Não recebi doações da Odebrecht para minhas campanhas eleitorais.<br>
http://www1.folha.uol.com.br/poder/2017/04/1874691-politicos-citados-na-lista-de-fachin-negam-irregularidades.shtml,"O ministro confia na Justiça, ressalta que não teve acesso oficialmente às informações e que é necessário ter cautela com depoimentos de colaboradores, que não são provas. Reafirma que os atos praticados em suas campanhas foram realizados conforme a legislação",2. Não tenho ou tive qualquer relação com a empresa ou os seus dirigentes.<br>
http://www1.folha.uol.com.br/poder/2017/04/1874691-politicos-citados-na-lista-de-fachin-negam-irregularidades.shtml,"O ministro Helder Barbalho (Integração Nacional) vem a público prestar os seguintes esclarecimentos: 1) Helder Barbalho nega que tenha cometido ilegalidades; 2) Helder Barbalho reafirma que todos os recursos que recebeu como doações para sua campanha em 2014 foram devidamente registradas junto ao TRE-PA, que aprovou todas as suas contas; 3) Helder Barbalho esclarece que não tinha e não tem qualquer ingerência sobre a área de saneamento no município de Marabá; 4) Helder Barbalho destaca sua estranheza com o codinome Cavanhaque. Em toda sua trajetória política, Helder Barbalho nunca usou cavanhaque",3. Tenho minha consciência tranquila de que nada fiz de errado.
http://www1.folha.uol.com.br/poder/2017/04/1874691-politicos-citados-na-lista-de-fachin-negam-irregularidades.shtml,"Marcos Pereira agiu sempre dentro da lei enquanto presidente de partido, buscando doações empresariais respeitando as regras eleitorais, e esclarecerá não ter qualquer envolvimento com atitudes ilícitas",
http://www1.folha.uol.com.br/poder/2017/04/1874691-politicos-citados-na-lista-de-fachin-negam-irregularidades.shtml,"O ministro disse que só falará nos autos do processo sob orientação de seus advogados. Questionado sobre o impacto no governo dos pedidos de investigação de nove ministros, inclusive ele, Moreira afirmou que o Planalto deve &quot;continuar trabalhando&quot; e que o levantamento do sigilo das delações da Odebrecht &quot;tira finalmente um problema da frente&quot;. &quot;Isso estava emperrando o país. Agora precisa esperar para ver o que tem. Eu só falarei nos autos",
http://www1.folha.uol.com.br/poder/2017/04/1874691-politicos-citados-na-lista-de-fachin-negam-irregularidades.shtml,"O senador Aécio Neves considera importante o fim do sigilo sobre o conteúdo das delações, iniciativa solicitada por ele ao ministro Edson Fachin na semana passada, e considera que assim será possível desmascarar as mentiras e demonstrar a absoluta correção de sua conduta",
http://www1.folha.uol.com.br/poder/2017/04/1874691-politicos-citados-na-lista-de-fachin-negam-irregularidades.shtml,"Mesmo não tendo sido candidato em 2014 e desconhecendo o teor das menções a mim atribuídas, coloco-me à disposição da Justiça para colaborar com as investigações que se venham a requerer",
http://www1.folha.uol.com.br/poder/2017/04/1874691-politicos-citados-na-lista-de-fachin-negam-irregularidades.shtml,"Em toda sua trajetória, Anastasia nunca tratou de qualquer assunto ilícito com ninguém",
http://www1.folha.uol.com.br/poder/2017/04/1874691-politicos-citados-na-lista-de-fachin-negam-irregularidades.shtml,"Recebi doações da Braskem em 2014, e o Ministério Público já indicou que vai investigar a relação entre doações legais e troca de favores ou lavagem de dinheiro. Eu acredito que tem que investigar, sim, e rápido, para que fique tudo esclarecido. A Odebrecht nunca prestou serviços para os governos que comandei, e no caso do Refis, eu nem sequer era senador",
http://www1.folha.uol.com.br/poder/2017/04/1874691-politicos-citados-na-lista-de-fachin-negam-irregularidades.shtml,"Recebo com surpresa a inserção do meu nome no rol dos investigados. Não tive, até o presente momento, qualquer acesso ao processo para conhecer o conteúdo do que me é atribuído. Rechaço com veemência toda e qualquer denúncia de prática de ilícitos. Estou indignado, mas absolutamente tranquilo, pois minha consciência em nada me acusa. Digo à sociedade brasileira, em especial, aos Catarinenses, que sempre confiaram em mim, que espero que rapidamente a verdade seja restabelecida. Neste momento, coloco-me inteiramente à disposição da Justiça",
http://www1.folha.uol.com.br/poder/2017/04/1874691-politicos-citados-na-lista-de-fachin-negam-irregularidades.shtml,O sigilo é contrário ao interesse dos meus clientes. É bom que as informações venham a público para que eles possam se defender,
http://www1.folha.uol.com.br/poder/2017/04/1874691-politicos-citados-na-lista-de-fachin-negam-irregularidades.shtml,"O meu nome foi citado na 'Lista de Fachin' junto ao da senadora Maria do Carmo (DEM/SE) e que o então prefeito João Alves (DEM/SE) teria solicitado R$ 600 mil para as duas campanhas em 2014. Gostaria de esclarecer que NÃO AUTORIZEI ninguém a pedir valores para a campanha em meu nome, NUNCA tive qualquer contato e NÃO CONHEÇO os empresários Fernando Luiz Ayres da Cunha Reis e Alexandre José Lopes Barradas - delatores da Lava Jato. NUNCA e em tempo ALGUM pedi nada a Odebrecht e, repito, NÃO AUTORIZEI ninguém a solicitar dinheiro e muito menos tive conhecimento disso. A minha campanha NÃO UTILIZOU recursos de caixa dois. E isso fica comprovado, inclusive, na denúncia divulgada, onde meu nome NÃO aparece como requerente, NEM recebedor destes recursos. Quem solicitou valores aos empresários para uso em caixa dois, que explique e responda pelos seus atos. TODAS as doações da minha campanha foram oficiais, declaradas e encontram-se à disposição no site do TSE. No mais, estou à disposição da Justiça para possíveis esclarecimentos",
http://www1.folha.uol.com.br/poder/2017/04/1874691-politicos-citados-na-lista-de-fachin-negam-irregularidades.shtml,"Por meio da assessoria, o senador disse que está tranquilo e aguarda o resultado das investigações.",
http://www1.folha.uol.com.br/poder/2017/04/1874691-politicos-citados-na-lista-de-fachin-negam-irregularidades.shtml,"Questionado sobre a menção a seu nome na lista do ministro Edson Fachin, o presidente do Senado, Eunício Oliveira (PMDB-CE), disse que não tinha informações. Sem abordar o assunto específico, disse à imprensa: &quot;Eu acho que os homens públicos têm que estar sempre atentos e sem medo de fazer os enfrentamentos que a vida pública nos oferece.&quot; Afirmou ainda que os trabalhos no Senado seguirão normalmente. Nesta terça, após a divulgação da lista, a sessão do Senado continuou normalmente, com votação de indicação para a Ancine e aprovação da proposta que estabelece um documento único de identidade. O senador também divulgou nota: &quot;A Justiça brasileira tem maturidade e firmeza para apurar e distinguir mentiras e versões alternativas da verdade&quot",
http://www1.folha.uol.com.br/poder/2017/04/1874691-politicos-citados-na-lista-de-fachin-negam-irregularidades.shtml,"A defesa do senador Fernando Bezerra Coelho, representada pelo advogado André Luís Callegari, afirma que não foi oficialmente comunicada, tampouco teve acesso à referida investigação. Fernando Bezerra mantém-se, como sempre esteve, à disposição das autoridades a fim de prestar quaisquer esclarecimentos que elas possam necessitar. A defesa do senador observa que, nestes 35 anos de vida pública de Fernando Bezerra Coelho, não há qualquer condenação em desfavor do parlamentar",
http://www1.folha.uol.com.br/poder/2017/04/1874691-politicos-citados-na-lista-de-fachin-negam-irregularidades.shtml,"Não quis se pronunciar.
",
http://www1.folha.uol.com.br/poder/2017/04/1874691-politicos-citados-na-lista-de-fachin-negam-irregularidades.shtml,"O senador Garibaldi Filho se declara surpreso com a notícia de inclusão do seu nome nas notícias de delações e, ao mesmo tempo em que nega tais suspeitas, põe-se à disposição da Justiça para quaisquer esclarecimentos, inclusive disponibilizando os sigilos bancário, fiscal e telefônico, e espera agilidade na apuração e responsabilidade na distinção entre doações lícitas e sem qualquer contrapartida das doações irregulares.",
http://www1.folha.uol.com.br/poder/2017/04/1874691-politicos-citados-na-lista-de-fachin-negam-irregularidades.shtml,"O senador Humberto Costa &ndash;que espera a conclusão de inquérito já aberto há mais de dois anos pelo STF, e para o qual a Polícia Federal já se manifestou em favor do arquivamento&ndash; aguarda o levantamento do sigilo dos novos documentos para ter acesso às informações necessárias à sua defesa. O senador, que já abriu mão de todos os seus sigilos, se coloca, como sempre o fez, à disposição das autoridades para todos os esclarecimentos necessários.",
http://www1.folha.uol.com.br/poder/2017/04/1874691-politicos-citados-na-lista-de-fachin-negam-irregularidades.shtml,"Em nota, o senador Ivo Cassol (PP-RO) afirmou que foi surpreendido com a inclusão de seu nome na lista do STF. &quot;Não só entendo que é o dever da justiça investigar e fiscalizar os políticos, como é meu dever também lembrar que fui o único parlamentar que denunciou formalmente a isenção fiscal para as usinas do Rio Madeira em 2011. O prejuízo ao Estado foi estimado em R$ 1 bilhão, valores que poderiam ser investidos em melhor qualidade de vida para o povo de Rondônia&quot;, afirmou. &quot;À época dos fatos denunciei essa isenção de impostos à vários órgãos públicos, tais como: Ministério Público, Tribunal de Justiça, Tribunal de Contas e Assembleia Legislativa do Estado de Rondônia e mesmo assim essa isenção foi concedida pelo atual governo do Estado de Rondônia em 2011&quot;, escreveu o congressista. O senador apontou que a citação de seu nome na lista é injusta e descabida. &quot;Vejo isso como uma retaliação por ter sido contra a isenção de impostos dado aos consórcios que construíram as usinas de Jirau e Santo Antônio",
http://www1.folha.uol.com.br/poder/2017/04/1874691-politicos-citados-na-lista-de-fachin-negam-irregularidades.shtml,"&quot;O senador José Serra reitera que não cometeu nenhuma irregularidade e que suas campanhas foram conduzidas pelo partido, na forma da lei. A abertura do inquérito pelo Supremo Tribunal Federal servirá como oportunidade de demonstrar essas afirmações e a lisura de sua conduta.&quot;",
http://www1.folha.uol.com.br/poder/2017/04/1874691-politicos-citados-na-lista-de-fachin-negam-irregularidades.shtml,"A respeito da decisão do Supremo Tribunal Federal, que autorizou abertura de inquérito para investigar nove ministros, 29 senadores e 42 deputados federais, na qual o meu nome é citado, declaro que: Lamentavelmente, por desconhecer o conteúdo da decisão do ministro Edson Fachin, não tenho, neste momento, elementos suficientes que me permitam rebater as supostas acusações feitas contra mim e o meu marido, mas afirmo categoricamente que, em toda a minha vida pública, nunca participei de corrupção e nunca aceitei participar de qualquer movimento de grupos fora da lei. Estarei à disposição para prestar todos os esclarecimentos necessários de maneira a eliminar qualquer dúvida sobre a nossa conduta. Sigo trabalhando no Senado pelo Brasil e pelo Tocantins. Minha história e minha correção são a base fundamental da minha defesa.",
http://www1.folha.uol.com.br/poder/2017/04/1874691-politicos-citados-na-lista-de-fachin-negam-irregularidades.shtml,"Meu advogado já solicitou acesso a todos os detalhes dos inquéritos para saber de que forma vamos nos defender. Essa etapa não representa nenhuma surpresa. Quando Janot pediu as investigações, já sabíamos que este seria o passo seguinte. Tudo tem que ser investigado&quot;, afirmou a senadora à <b>Folha</b>. &quot;Acho muito importante essa autorização do Supremo para a devida abertura dos inquéritos. Espero que agora haja a quebra do sigilo de todo o processo, como já havia solicitado. Tenho a consciência tranquila e a confiança de que tudo será esclarecido. A seriedade da minha vida pública fala por mim. Quem não deve não teme. Espero que as investigações avancem, com transparência e agilidade. Que as responsabilidades sejam devidamente apuradas, para que separemos o joio do trigo.",
http://www1.folha.uol.com.br/poder/2017/04/1874691-politicos-citados-na-lista-de-fachin-negam-irregularidades.shtml,"Mais uma vez confiarei que as investigações irão esclarecer os fatos e, assim como das outras vezes, estou convicto que o arquivamento será único desfecho possível para esse processo. Novamente a justiça será feita",
http://www1.folha.uol.com.br/poder/2017/04/1874691-politicos-citados-na-lista-de-fachin-negam-irregularidades.shtml,"Vimos esclarecer que o ministro Edson Fachin não determinou a abertura de investigação contra a senadora Marta Suplicy, mas, sim, retornou a denúncia para o Procurador-Geral Rodrigo Janot para avaliar a extinção de punibilidade. Os fatos mencionados na delação são inteiramente falsos. A conduta da senadora Marta Suplicy sempre foi baseada nos princípios éticos que marcam toda sua vida pública.",
http://www1.folha.uol.com.br/poder/2017/04/1874691-politicos-citados-na-lista-de-fachin-negam-irregularidades.shtml,"Ninguém tem mais interesse do que eu na conclusão deste inquérito. Não tenho e nunca tive nenhum tipo de relação com a Odebrecht. Essa empresa não teve sequer contratos ou pagamentos recebidos no meu governo. Também não recebi nenhum centavo deles em campanha eleitoral. O jornal O Globo já inclusive publicou que, no documento divulgado pelo ministro Fachin, não há qualquer referência de valor em meu nome.",
http://www1.folha.uol.com.br/poder/2017/04/1874691-politicos-citados-na-lista-de-fachin-negam-irregularidades.shtml,"Os nomes surgem porque trata-se de dinheiro de campanha que passou do partido para o candidato. Por isso, aparece todo mundo. Como o dinheiro veio da Odebrecht há essa menção&quot;, afirmou o senador à <b>Folha</b>. Em nota oficial, o senador afirmou: &quot;Sobre a suposta lista divulgada pelo Jornal 'O Estado de São Paulo', na tarde de hoje, que traz o meu nome, tenho a esclarecer: Todos os recursos da minha companha de 2014 para o Senado Federal, foram repassados pela direção nacional e estadual do Partido dos Trabalhadores e estão todos declarados nas prestações de contas junto ao TRE. A utilização desses recursos, empresas doadoras e doadores individuais enfatizo, obedeceram estritamente às normas da legislação eleitoral em vigor daquele ano",
http://www1.folha.uol.com.br/poder/2017/04/1874691-politicos-citados-na-lista-de-fachin-negam-irregularidades.shtml,"A abertura dos inquéritos permitirá que eu conheça o teor das supostas acusações para, enfim, exercer meu direito de defesa sem que seja apenas baseado em vazamentos seletivos de delações. Um homem público sabe que pode ser investigado. Mas isso não pode significar uma condenação prévia ou um atestado de que alguma irregularidade foi cometida. Acredito que esses inquéritos serão arquivados por falta de provas, como aconteceu com o primeiro deles",
http://www1.folha.uol.com.br/poder/2017/04/1874691-politicos-citados-na-lista-de-fachin-negam-irregularidades.shtml,"Foi com absoluta perplexidade e indignação que eu recebi a informação de que meu nome está incluído na chamada lista do Fachin. Toda minha campanha foi declarada e, como poderão constatar na prestação de contas no TSE, esta empresa não foi doadora. Nunca tratei qualquer assunto com essas pessoas e tampouco autorizei que alguém tratasse. Acionarei esses mentirosos judicialmente para que provem as acusações.",
http://www1.folha.uol.com.br/poder/2017/04/1874691-politicos-citados-na-lista-de-fachin-negam-irregularidades.shtml,Sempre estive e sempre estarei à disposição da Justiça para prestar qualquer informação. Nas minhas campanhas eleitorais sempre atuei dentro da legislação e tive todas as minhas contas aprovadas,
http://www1.folha.uol.com.br/poder/2017/04/1874691-politicos-citados-na-lista-de-fachin-negam-irregularidades.shtml,"A assessoria da senadora Vanessa Grazziotin afirmou que todas as doações feitas para as campanhas da congressista foram oficiais, declaradas e posteriormente aprovadas pela Justiça Eleitoral.",
http://www1.folha.uol.com.br/poder/2017/04/1874691-politicos-citados-na-lista-de-fachin-negam-irregularidades.shtml,"O senador Valdir Raupp afirma que recebeu com tranquilidade a sua citação na lista do ministro Fachin publicada no dia de hoje, baseada em declarações de delatores que no desespero falam e ninguém pode impedir. Este será o momento que o senador terá para provar que as doações legais destinadas ao partido foram declaradas e aprovadas pela Justiça Eleitoral.",
http://www1.folha.uol.com.br/poder/2017/04/1874691-politicos-citados-na-lista-de-fachin-negam-irregularidades.shtml,"É com surpresa que vejo no noticiário meu nome entre os investigados na Operação Lava Jato. Não tenho e não tive qualquer relação com executivos, empresas, e estatais envolvidos. Não fui notificado e soube da inclusão do meu nome pela imprensa. Estou absolutamente tranquilo porque nada fiz de errado e isso será provado.",
http://www1.folha.uol.com.br/poder/2017/04/1874691-politicos-citados-na-lista-de-fachin-negam-irregularidades.shtml,"Em nota conjunta, o deputado Antonio Brito (PSD-BA) e o vereador Edvaldo Brito (PSD-BA) declararam que &quot;recebem a notícia da autorização para apuração dos fatos relativos à eleição de 2010 com total serenidade, uma vez que se trata de procedimento legal, no qual será possível apurar a verdade dos fatos. Destacam, ainda, que doações eleitorais recebidas, relativas a campanha de 2010, foram declaradas e aprovadas nas prestações de contas ao TSE&quot",
http://www1.folha.uol.com.br/poder/2017/04/1874691-politicos-citados-na-lista-de-fachin-negam-irregularidades.shtml,"Frente à divulgação de uma lista em que o nome do deputado de forma surpreendente aparece, e por não saber onde e de que maneira foi citado, o deputado está determinado a buscar, junto ao Supremo Tribunal Federal, todas as informações para que a verdade prevaleça.",
http://www1.folha.uol.com.br/poder/2017/04/1874691-politicos-citados-na-lista-de-fachin-negam-irregularidades.shtml,"Deputado afirma que todas as doações de campanha estão de acordo com a lei, devidamente declaradas e aprovadas pelo Tribunal Regional Eleitoral da Bahia.
",
http://www1.folha.uol.com.br/poder/2017/04/1874691-politicos-citados-na-lista-de-fachin-negam-irregularidades.shtml,"O deputado federal Betinho Gomes afirma não ter cometido irregularidades e diz que irá pedir acesso às informações desse possível inquérito com o objetivo saber do que realmente está sendo acusado &quot;para poder se defender&quot;. O tucano diz ter a consciência tranquila e reafirma seu compromisso e apoio à Operação Lava Jato. Em nota divulgada por sua assessoria, o parlamentar declarou que: &quot;Em relação à notícia de que o ministro Edson Fachin determinou abertura de inquérito contra o deputado Federal Betinho Gomes, o parlamentar esclarece que: teve todas as contas de campanha contabilizadas e aprovadas pela Justiça Eleitoral; pedirá acesso à íntegra do referido inquérito; jamais defendeu interesses privados em detrimento do interesse público; nunca teve encontros com os referidos delatores mencionados pela imprensa; tem total interesse que o caso seja o mais rapidamente esclarecido.&quot;",
http://www1.folha.uol.com.br/poder/2017/04/1874691-politicos-citados-na-lista-de-fachin-negam-irregularidades.shtml,"O deputado Beto Mansur disse que as doações &quot;foram efetuadas dentro da legislação vigente à época&quot;. &quot;Não há nada de errado e tudo foi feito com transparência e rigorosamente dentro da lei&quot;, afirmou, em nota.
",
http://www1.folha.uol.com.br/poder/2017/04/1874691-politicos-citados-na-lista-de-fachin-negam-irregularidades.shtml,"&quot;Fui pego de surpresa. Não imaginava [que estaria na lista]. Todas as minhas doações foram recebidas de forma oficial. Estou cumprindo meu primeiro mandato e jamais tive qualquer tipo de pedido [por parte da Odebrecht]&quot;, disse o deputado à <b>Folha</b>.",
http://www1.folha.uol.com.br/poder/2017/04/1874691-politicos-citados-na-lista-de-fachin-negam-irregularidades.shtml,"Não vai se manifestar por enquanto.
",
http://www1.folha.uol.com.br/poder/2017/04/1874691-politicos-citados-na-lista-de-fachin-negam-irregularidades.shtml,"&quot;As doações que recebi foram oficiais. Todas estão no site do TSE; é só as pessoas consultarem. O que tem que ser colocado é o seguinte: se a doação foi feita com intenção e se o político deu alguma coisa em troca. Nunca dei nada em troca, ofereci absolutamente nada e recebi absolutamente nada. Não estou ligado a nenhuma obra do país. Estou tranquilo. Quando você está tranquilo, não teme nada, né?&quot;, afirmou o deputado à <b>Folha</b>. &quot;Fiz levantamento e não tem nenhuma doação para a minha pessoa. Pode ter para o partido, mas não para a minha pessoa. Da Odebrecht nunca teve. Fico muito triste de me ver envolvido nesta história.&quot;
",
http://www1.folha.uol.com.br/poder/2017/04/1874691-politicos-citados-na-lista-de-fachin-negam-irregularidades.shtml,"&quot;Sobre as notícias citando o meu nome em possível investigação no STF, não tenho nada a temer. Os baianos e os brasileiros conhecem minha trajetória de mais de 30 anos de atividade pública. Se algum inquérito for aberto, tenho total convicção que o destino será o arquivamento&quot;, afirmou.
",
http://www1.folha.uol.com.br/poder/2017/04/1874691-politicos-citados-na-lista-de-fachin-negam-irregularidades.shtml,"A assessoria do deputado divulgou uma nota conjunta com Maguito Vilela, ex-senador: &quot;As campanhas de Maguito Vilela, em 2012, e de Daniel Vilela, em 2014, foram feitas inteiramente com recursos contabilizados conforme determina o (TSE) Tribunal Superior Eleitoral e aprovadas pela referida Corte. As prestações de contas estão disponíveis no site do TSE. Maguito e Daniel afirmam que nunca estiveram, nunca falaram e sequer conhecem os delatores. Ambos refutam qualquer acusação. Informam ainda que não foram notificados das investigações do Supremo Tribunal Federal e que estão tranquilos e convictos de que a ação será arquivada porque não tem qualquer lastro na realidade.&quot;
",
http://www1.folha.uol.com.br/poder/2017/04/1874691-politicos-citados-na-lista-de-fachin-negam-irregularidades.shtml,"&quot;Em relação à menção do meu nome nas investigações do Supremo Tribunal Federal, recebo com tranquilidade, uma vez que confio que a verdade prevalecerá e a justiça será feita. Declaro que sou o maior interessado no esclarecimento de toda esta situação. É importante destacar que não sou réu e nem investigado em nenhum processo da Lava Jato. A minha vida pública sempre foi pautada pela ética, lisura e transparência e a minha história demonstra a preocupação com a legalidade de todos os meus atos.&quot;
",
http://www1.folha.uol.com.br/poder/2017/04/1874691-politicos-citados-na-lista-de-fachin-negam-irregularidades.shtml,"O deputado Dimas Fabiano afirma que &quot;jamais manteve contato com qualquer executivo da Odebrecht, não tendo sido destinatário de recursos alegadamente doados ou disponibilizados pela referida empresa&quot;. Diz ainda que &quot;a eventual utilização do nome do deputado por terceiros com propósitos espúrios - seja para solicitar recursos, seja para obter benefícios em delação - é prática absolutamente irresponsável e criminosa&quot;.
",
http://www1.folha.uol.com.br/poder/2017/04/1874691-politicos-citados-na-lista-de-fachin-negam-irregularidades.shtml,"O deputado Heráclito Fortes disse que se manifestará concretamente sobre o pedido de investigação quando tiver conhecimento do seu teor. Mas afirmou, em nota, que as menções até agora conhecidas sobre seu nome referem-se a doações feitas por Cláudio Mello Filho, &quot;que afirmou expressamente ter a construtora efetuado doações eleitorais em razão do bom trânsito do deputado no Congresso Nacional e não como forma indireta de pagamento de propina&quot;.
",
http://www1.folha.uol.com.br/poder/2017/04/1874691-politicos-citados-na-lista-de-fachin-negam-irregularidades.shtml,"&quot;O deputado federal Jarbas Vasconcelos esclarece que os recursos recebidos em suas campanhas, proveniente da Odebrecht ou de qualquer outra empresa, foram repassados dentro da lei e estão declarados e aprovados pela Justiça Eleitoral. Todos os valores estão inclusive disponíveis no site do Tribunal Superior Eleitoral de forma clara e transparente.&quot;
",
http://www1.folha.uol.com.br/poder/2017/04/1874691-politicos-citados-na-lista-de-fachin-negam-irregularidades.shtml,"&quot;Em 30 anos de vida pública e três eleições, tive todas as prestações de contas aprovadas pela Justiça Eleitoral.&quot;
",
http://www1.folha.uol.com.br/poder/2017/04/1874691-politicos-citados-na-lista-de-fachin-negam-irregularidades.shtml,"&quot;A crise política vai se aprofundar, a partir de agora, com risco de paralisia institucional, porque todo o sistema político brasileiro está em xeque. Todas as legendas e expoentes partidários estão citados na lista do ministro Luís Edson Fachin, do STF, o que nos obriga, nesse momento, a nos explicarmos. Do PMDB ao PSDB, passando pelo meu partido, o PT, mas também o DEM, PSD, PSB, PRB e PP, todos os representados no Congresso estão envolvidos nesta crise. Muitos são acusados de corrupção, outros têm de se explicar sobre suas campanhas. Sobre o envolvimento do meu nome e do governador Tião Viana, não há nenhuma denúncia de corrupção contra nós, mas questionamentos sobre a arrecadação da campanha em 2010. Vamos provar na Justiça o que dissemos antes: nossas campanhas foram dentro da lei e feitas com dinheiro limpo. Nada devemos e nada tememos. Confiamos na Justiça.&quot;
",
http://www1.folha.uol.com.br/poder/2017/04/1874691-politicos-citados-na-lista-de-fachin-negam-irregularidades.shtml,"&quot;O ministro Fachin autorizou investigar a todos, sem distinção, e fez bem. Todo homem público tem que estar pronto para ser investigado. Estou tranquilo e convicto de que esse procedimento vai ser arquivado. Todas as doações de campanha que recebi foram legais e estão declaradas.&quot;
",
http://www1.folha.uol.com.br/poder/2017/04/1874691-politicos-citados-na-lista-de-fachin-negam-irregularidades.shtml,"&quot;O deputado José Reinaldo Tavares (PSB-MA) informa que sua equipe está apurando as informações divulgadas pelo O Estado de S. Paulo e que no momento não irá se pronunciar sobre as investigações. Munido de dados e confirmada a abertura do inquérito, o parlamentar irá prestar todos os esclarecimentos necessários.&quot;
",
http://www1.folha.uol.com.br/poder/2017/04/1874691-politicos-citados-na-lista-de-fachin-negam-irregularidades.shtml,"O deputado Julio Lopes diz confiar &quot;no trabalho das instituições e se coloca à disposição da Justiça para colaborar com informações que vão esclarecer os fatos&quot;. O parlamentar reitera que todas as suas contas eleitorais foram aprovadas pela Justiça.
",
http://www1.folha.uol.com.br/poder/2017/04/1874691-politicos-citados-na-lista-de-fachin-negam-irregularidades.shtml,"O deputado Jutahy Júnior (PSDB-BA) diz ter &quot;absoluta convicção que este procedimento será arquivado porque simplesmente não tenho nada a ver com a Lava Jato&quot;.
",
http://www1.folha.uol.com.br/poder/2017/04/1874691-politicos-citados-na-lista-de-fachin-negam-irregularidades.shtml,"O deputado federal Onyx Lorenzoni (DEM-RS) negou ter cometido quaisquer crimes ligados às empreiteiras acusadas na Operação Lava Jato. &quot;Estou indignado e surpreso. Nunca estive na sede da Odebrecht e se alguém descobrir uma foto minha ou qualquer registro de entrada minha na empresa, eu renuncio ao mandato&quot;, disse.
",
http://www1.folha.uol.com.br/poder/2017/04/1874691-politicos-citados-na-lista-de-fachin-negam-irregularidades.shtml,"O deputado afirma que recebeu recursos declarados e dentro da lei. Diz ter certeza de que a verdade prevalecerá quando for chamado a dar explicações.
",
http://www1.folha.uol.com.br/poder/2017/04/1874691-politicos-citados-na-lista-de-fachin-negam-irregularidades.shtml,"&quot;Vamos apresentar a defesa com documentação comprobatória de que não houve corrupção, propina ou má fé em nossas atitudes. E aguardar pelo posicionamento da Justiça.&quot;
",
http://www1.folha.uol.com.br/poder/2017/04/1874691-politicos-citados-na-lista-de-fachin-negam-irregularidades.shtml,"&quot;A medida é uma mera autorização do STF para apuração dos fatos sobre as delações da Odebrecht. No entanto a mera citação de meu nome me deixa indignada. Não me calarei frente a este episódio e não me afastarei um milímetro sequer das causas que acredito e que o nosso trabalho representa. Vou disponibilizar meus sigilos fiscal, bancário e telefônico ao STF tamanha é minha tranquilidade. Meu nome e minha vida não estão à disposição para serem enxovalhados por ninguém em nenhum lugar&quot;, disse em nota.
",
http://www1.folha.uol.com.br/poder/2017/04/1874691-politicos-citados-na-lista-de-fachin-negam-irregularidades.shtml,"&quot;Não são verdadeiros os fatos relatados em delação premiada, por executivos da Odebrecht, sobre suposta solicitação de recursos escusos para qualquer fim. A execução da obra de extensão da Trensurb seguiu e respeitou todas as condicionantes estipuladas pelo Tribunal de Contas de União para realização da mesma.&quot;
</p>

<p>
&quot;Tenho todas as contas de minha gestão aprovadas pelos órgãos de controle. Essas são acusações injuriosas, e vou provar minha total inocência e fazer que reparem os danos de imagem e profissional que me causaram. Estou à disposição da Justiça para o cabal esclarecimento dos fatos.&quot;",
http://www1.folha.uol.com.br/poder/2017/04/1874691-politicos-citados-na-lista-de-fachin-negam-irregularidades.shtml,"A assessoria do deputado divulgou a seguinte nota: &quot;A defesa do deputado Marco Maia (PT-RS), representada pelo criminalista Daniel Gerber, informa que as ações criminais cabíveis contra estes delatores serão adotadas, na medida em que imputam a terceiros atos inexistentes como forma de obterem benefícios que não merecem junto ao Poder Judiciário.&quot;
",
http://www1.folha.uol.com.br/poder/2017/04/1874691-politicos-citados-na-lista-de-fachin-negam-irregularidades.shtml,"&quot;Gostaria de esclarecer que, apesar de não ter conhecimento, neste momento, do teor das citações referentes ao meu nome nas delações da Odebrecht, reafirmo que agi sempre de acordo com a lei. Todas as doações para as minhas campanhas eleitorais foram feitas legalmente. É bom que se apure, pois, assim, a minha inocência será comprovada.&quot;
",
http://www1.folha.uol.com.br/poder/2017/04/1874691-politicos-citados-na-lista-de-fachin-negam-irregularidades.shtml,"Em relação à lista de políticos divulgada pela imprensa, o deputado federal Nelson Pelegrino (PT-BA) afirmou: &quot;Estou tranquilo. Meu advogado vai requerer o conteúdo ao STF e, após o conhecimento dos termos, me manifestarei&quot;.
",
http://www1.folha.uol.com.br/poder/2017/04/1874691-politicos-citados-na-lista-de-fachin-negam-irregularidades.shtml,"&quot;Se teve dinheiro, foi dentro da lei. O que posso fazer? Nosso partido nem multa tem&quot;, afirmou o deputado à <b>Folha</b>.
",
http://www1.folha.uol.com.br/poder/2017/04/1874691-politicos-citados-na-lista-de-fachin-negam-irregularidades.shtml,"&quot;Jamais recebi doação não contabilizada em minhas campanhas eleitorais. Sou o maior interessado que esse assunto seja esclarecido o mais breve possível.&quot;
",
http://www1.folha.uol.com.br/poder/2017/04/1874691-politicos-citados-na-lista-de-fachin-negam-irregularidades.shtml,"O presidente da Câmara afirmou em rápida entrevista acreditar que a investigação irá mostrar a sua inocência. &quot;O processo vai comprovar que são falsas as citações dos delatores, e os inquéritos serão arquivados. Eu confio na Justiça e vou continuar confiando sempre. O Ministério Público e a Justiça vão fazer o seu trabalho de forma competente, cabe ao Congresso cumprir seu papel institucional de legislar. Há separação dos Poderes.&quot;
",
http://www1.folha.uol.com.br/poder/2017/04/1874691-politicos-citados-na-lista-de-fachin-negam-irregularidades.shtml,"&quot;O deputado Vander Loubet informa que vai aguardar a manifestação oficial do Supremo Tribunal Federal (STF) para se pronunciar acerca da informação de abertura de inquérito apontada na matéria do jornal 'O Estado de S. Paulo' desta terça-feira (11), tendo em vista que não teve acesso ao teor das acusações. Por conta do tema, o parlamentar reforça que todas as contribuições recebidas em campanha eleitoral foram devidamente oficializadas em prestações de contas aprovadas pela Justiça Eleitoral.&quot;
",
http://www1.folha.uol.com.br/poder/2017/04/1874691-politicos-citados-na-lista-de-fachin-negam-irregularidades.shtml,"&quot;A respeito da citação de meu nome em lista de pedidos de inquérito do ministro Facchin (STF) &mdash;inicialmente vazada para o 'Estadão' nesta terça-feira&ndash; informo que não recebi nenhuma notificação da Justiça até o momento e não tive acesso aos autos do processo. A forma com que a mídia trata os pedidos de abertura de inquérito confere ares de condenação.&quot;
</p>

<p>
&quot;Vale ressaltar que os acusadores ainda precisarão provar o que disseram. Neste sentido, tenho certeza de minha idoneidade e me coloco à disposição para quaisquer esclarecimentos à justiça. É preciso deixar claro que este momento político clama por uma reforma política de fôlego, pede por mudanças na maneira em que fazemos política no Brasil. Desta maneira, aproveito o momento para fortalecer este debate. A população brasileira precisa voltar a acreditar e participar da vida política. Ficou ainda mais evidente: a política brasileira precisa sair da UTI.&quot;",
http://www1.folha.uol.com.br/poder/2017/04/1874691-politicos-citados-na-lista-de-fachin-negam-irregularidades.shtml,"&quot;Vi isso com surpresa. De uma coisa tenho certeza: não sei, não fui e jamais serei corrupto. Meus projetos são todos contra interesses de empreiteiras, inclusive da Odebrecht. Mas vamos aguardar do que estão me acusando&quot;, disse à <b>Folha</b>.
",
http://www1.folha.uol.com.br/poder/2017/04/1874691-politicos-citados-na-lista-de-fachin-negam-irregularidades.shtml,"&quot;O Ministro Fachin, relator da Lava Jato no Supremo, ofereceu hoje listas de centenas de pessoas indicadas pelo PGR Rodrigo Janot para abertura de inquérito. Numa delas consta meu nome. Transparência é fundamental, e aguardamos ainda o levantamento do sigilo das delações que embasaram a decisão do Procurador Janot e do Ministro Fachin. Embora desconhecendo ainda as razões que o levaram a elaborar estas listas, considero fundamental tanto a Lava Jato quanto o trabalho do Supremo para que os inquéritos hoje autorizados sejam feitos e concluídos com a celeridade requerida por mim e por toda a população brasileira, separando o joio do trigo e promovendo a Justiça de que tanto o país precisa. Caso contrário cria-se a imagem de que todos os políticos são iguais. E não somos.&quot;
",
http://www1.folha.uol.com.br/poder/2017/04/1874691-politicos-citados-na-lista-de-fachin-negam-irregularidades.shtml,"&quot;O deputado federal Zeca Dirceu reitera que não há e nunca houve qualquer tipo de tratativa do parlamentar junto às diretorias da Petrobras e/ou às empresas investigadas na Lava Jato. Apesar das inúmeras investigações em andamento há vários anos, não existe sequer uma única ligação, e-mail, contato, agenda de reunião, testemunho, delação ou coisa parecida em relação a qualquer atitude do parlamentar que o ligue ao assunto Petrobras / Lava Jato ou a qualquer tipo de ilegalidade. É importante destacar, que nunca houve qualquer pedido do parlamentar a envolvidos na Lava Jato, fato já testemunhado por vários outros delatores e agora comprovado pelo próprio delator Fernando Luiz Ayres da Cunha Santos Reis. Todas as doações recebidas nas campanhas de 2010 e de 2014 foram legais, declaradas e aprovadas pela Justiça Eleitoral sem ressalvas. Os nomes dos doadores são de conhecimento público desde 2010, divulgados constantemente pelos órgãos de imprensa. O deputado reforça sua confiança no Supremo Tribunal Federal e no trabalho de investigação da Polícia Federal.&quot;
",
http://www1.folha.uol.com.br/poder/2017/04/1874691-politicos-citados-na-lista-de-fachin-negam-irregularidades.shtml,"&quot;Tomei conhecimento agora há pouco do inteiro teor da denúncia contra minha pessoa acatada pelo Supremo Tribunal Federal (STF). Diz a denúncia que o delator do Grupo Odebrecht se refere a um pagamento de R$ 400 mil para minha campanha a Governador em 2006. Em seguida diz o mesmo delator, que tendo ocorrido minha desistência da candidatura naquela eleição, o referido valor foi repassado ao Senador Delcídio, candidato do PT ao Governo, com o qual mantinha detalhadas reuniões, segundo o mesmo delator. Ocorre aí um erro enorme. Fui eleito governador em 1998 e reeleito em 2002. Portanto em 2006 estava impedido de ser candidato a governador e não disputei nenhum cargo naquela eleição. Apoiei o nosso candidato, mas não tive nenhuma outra responsabilidade, seja de captação, seja de prestação de contas junto a Justiça Eleitoral. Esperando ter esclarecido a opinião pública, peço reparação da injustiça cometida nesta denúncia. Tenho minha consciência tranquila e nunca tive relação com a Odebrecht.&quot;
",
http://www1.folha.uol.com.br/poder/2017/04/1874691-politicos-citados-na-lista-de-fachin-negam-irregularidades.shtml,"&quot;Jamais pedi recursos irregulares em minha vida política nem autorizei que o fizessem em meu nome. Jamais recebi um centavo ilícito. Da mesma forma, sempre exigi que minhas campanhas fossem feitas dentro da lei&quot;, afirmou o tucano.
",
http://www1.folha.uol.com.br/poder/2017/04/1874691-politicos-citados-na-lista-de-fachin-negam-irregularidades.shtml,"&quot;O governador reitera que acredita na Justiça e que irá esclarecer qualquer eventual questionamento, mesmo porque, até o presente momento, não há qualquer inquérito autorizado pelo Poder Judiciário em tramitação no STJ, sendo impossível uma manifestação acerca de citação sem a devida contextualização. Por oportuno, o governador ressalta que nunca pediu ou autorizou que solicitassem em seu nome qualquer contribuição de campanha que não fosse oficial e rigorosamente de acordo com a legislação eleitoral&quot;.
",
http://www1.folha.uol.com.br/poder/2017/04/1874691-politicos-citados-na-lista-de-fachin-negam-irregularidades.shtml,"&quot;Todas as doações recebidas durante a campanha ocorreram dentro da lei e foram devidamente declaradas e aprovadas pela Justiça Eleitoral.&quot;
",
http://www1.folha.uol.com.br/poder/2017/04/1874691-politicos-citados-na-lista-de-fachin-negam-irregularidades.shtml,"Procurado, o governador do Rio Grande do Norte, Robinson Faria (PSD), não comentou.
",
http://www1.folha.uol.com.br/poder/2017/04/1874691-politicos-citados-na-lista-de-fachin-negam-irregularidades.shtml,"&quot;Defendo a apuração de qualquer fato suspeito e a punição de qualquer um que tenha culpa provada. Portanto, também tenho integridade, coerência e coragem para não aceitar a sanha condenatória de setores poderosos que destroem reputações tomando apenas a delação interessada de corruptos apanhados no crime. Sobre a construtora Odebrecht, nunca realizou obra no Acre, portanto nem sequer poderia ter aqui nenhum tipo de interesse escuso ou legal. Nunca me reuni com o senhor Marcelo Odebrecht, com nenhum executivo da sua empresa nem de qualquer outra envolvida na Operação Lava a Jato. Confio na Justiça, defenderei a minha honra com determinação e tomarei todas as medidas judiciais cabíveis contra os delatores da calúnia e os propagandistas da desonra. Indignado, mas de consciência tranquila, reafirmo: estou longe dessa podridão, essa podridão está longe de mim.&quot;
",
http://www1.folha.uol.com.br/poder/2017/04/1874691-politicos-citados-na-lista-de-fachin-negam-irregularidades.shtml,"&quot;O justo propósito de investigar crimes muitas vezes atinge injustamente pessoas inocentes. É o meu caso. Tenho consciência absolutamente tranquila de jamais ter atendido qualquer interesse da Odebrecht nos cargos que exerci nos Três Poderes. Se um dia houver de fato investigação sobre meu nome, vão encontrar o de sempre: uma vida limpa e honrada. Tenho absoluta certeza de que a verdade vai prevalecer, separando-se o joio do trigo. Inevitável a indignação por ser citado de modo injusto sobre atos que jamais pratiquei. Mas infelizmente faz parte da atual conjuntura.&quot;
",
http://www1.folha.uol.com.br/poder/2017/04/1874691-politicos-citados-na-lista-de-fachin-negam-irregularidades.shtml,"&quot;O ministro do TCU Vital do Rêgo e sua defesa não tiveram acesso ao conteúdo do pedido de abertura de inquérito mencionado pela imprensa. O ministro está à disposição das autoridades e confia que será comprovada a falta de relação entre ele e os fatos investigados.&quot;
",
http://www1.folha.uol.com.br/poder/2017/04/1874691-politicos-citados-na-lista-de-fachin-negam-irregularidades.shtml,"&quot;Em relação à citação do meu nome nas investigações do Supremo Tribunal Federal declaro serenidade e estou à disposição das autoridades competentes para prestar todos os esclarecimentos. Afirmo que não sou ré e nem investigada em nenhum processo da Lava Jato. Afirmo que as doações à minha campanha eleitoral foram declaradas e aprovadas pelos órgãos competentes, e que minha conduta pública é regida pelos princípios da ética, moral e legalidade.&quot;
",
http://www1.folha.uol.com.br/poder/2017/04/1874691-politicos-citados-na-lista-de-fachin-negam-irregularidades.shtml,"&quot;Não respondo, hoje, a nenhum inquérito da Operação Lava Jato. Respondi a dois, um com o Juiz Moro, que foi arquivado, e outro com o Ministério Público Federal, no qual não fui denunciado. Todas as doações da Odebrecht para as minha campanhas foram legais e declaradas à Justiça Eleitoral. Quanto à acusação de Sérgio Machado, que teria repassado recurso ao Diretório Regional do PT, em 2010, e este teria depositado estes em minha conta de campanha, são falsas. Não houve repasse para a minha conta de campanha pelo Diretório Regional do PT em 2010. Estou processando o Senhor Sergio Machado pelas calúnias ao meu respeito. Nunca fui processado e não respondo a nenhum processo. Não conheço as circunstâncias em que o meu nome foi incluido nesta lista. Sou Ficha Limpa&quot;, afirmou em nota.
",
http://www1.folha.uol.com.br/poder/2017/04/1874691-politicos-citados-na-lista-de-fachin-negam-irregularidades.shtml,"&quot;Nunca recebi um tostão da Odebrecht. Ela doava ao partido e o partido entregava aos candidatos. Após a eleição, a abertura das contas mostrava que o partido ajudou minha campanha. Eu nunca contatei, nem pedi, nem recebi nada deles.&quot;
",
http://www1.folha.uol.com.br/poder/2017/04/1874691-politicos-citados-na-lista-de-fachin-negam-irregularidades.shtml,"&quot;Eduardo Paes afirma que é absurda e mentirosa a acusação de que teria recebido vantagens indevidas por obras relacionadas aos Jogos Olímpicos. Ele nega veementemente que tenha aceitado propina para facilitar ou beneficiar os interesses da empresa Odebrecht. E reitera que jamais aceitou qualquer contrapartida, de qualquer natureza, pela realização de obras ou projetos conduzidos no seu governo. Paes ressalta que nunca teve contas no exterior e que todos os recursos recebidos em sua campanha de reeleição foram devidamente declarados à Justiça Eleitoral.&quot;
",
http://www1.folha.uol.com.br/poder/2017/04/1874691-politicos-citados-na-lista-de-fachin-negam-irregularidades.shtml,"Em nota conjunta, o deputado Antonio Brito (PSD-BA) e o vereador Edvaldo Brito (PSD-BA) declararam que &quot;recebem a notícia da autorização para apuração dos fatos relativos à eleição de 2010 com total serenidade, uma vez que se trata de procedimento legal, no qual será possível apurar a verdade dos fatos. Destacam, ainda, que doações eleitorais recebidas, relativas a campanha de 2010, foram declaradas e aprovadas nas prestações de contas ao TSE&quot;.
",
http://www1.folha.uol.com.br/poder/2017/04/1874691-politicos-citados-na-lista-de-fachin-negam-irregularidades.shtml,"Defesa do ex-ministro afirma que irá se pronunciar quando obtiver acesso à íntegra dos depoimentos dos delatores da Odebrecht.
",
http://www1.folha.uol.com.br/poder/2017/04/1874691-politicos-citados-na-lista-de-fachin-negam-irregularidades.shtml,"Afirma que irá verificar do que se trata o inquérito &quot;com a certeza de que nunca me envolvi em nenhum malfeito e vou procurar esclarecer tudo&quot;.
",
http://www1.folha.uol.com.br/poder/2017/04/1874691-politicos-citados-na-lista-de-fachin-negam-irregularidades.shtml,"O advogado de José Dirceu, Roberto Podval, afirmou que só vai se manifestar após conhecer o teor da acusação contra o ex-ministro.
",
http://www1.folha.uol.com.br/poder/2017/04/1874691-politicos-citados-na-lista-de-fachin-negam-irregularidades.shtml,"Disse que recebeu &quot;com surpresa&quot; a inclusão de seu nome no inquérito e afirmou que está à disposição do Judiciário para esclarecer o que for necessário.
",
http://www1.folha.uol.com.br/poder/2017/04/1874691-politicos-citados-na-lista-de-fachin-negam-irregularidades.shtml,"A assessoria divulgou uma nota conjunta com o deputado Daniel Vilela (PMDB-GO): &quot;As campanhas de Maguito Vilela, em 2012, e de Daniel Vilela, em 2014, foram feitas inteiramente com recursos contabilizados conforme determina o (TSE) Tribunal Superior Eleitoral e aprovadas pela referida Corte. As prestações de contas estão disponíveis no site do TSE. Maguito e Daniel afirmam que nunca estiveram, nunca falaram e sequer conhecem os delatores. Ambos refutam qualquer acusação. Informam ainda que não foram notificados das investigações do Supremo Tribunal Federal e que estão tranquilos e convictos de que a ação será arquivada porque não tem qualquer lastro na realidade.&quot;
",
http://www1.folha.uol.com.br/poder/2017/04/1874691-politicos-citados-na-lista-de-fachin-negam-irregularidades.shtml,"&quot;Estou surpreso. Preciso me informar&quot;, disse à <b>Folha</b>.
",
http://www1.folha.uol.com.br/poder/2017/04/1874691-politicos-citados-na-lista-de-fachin-negam-irregularidades.shtml,"Em nota, a senadora Kátia Abreu (PMDB-TO) afirmou: &quot;A respeito da decisão do Supremo Tribunal Federal, que autorizou abertura de inquérito para investigar nove ministros, 29 senadores e 42 deputados federais, na qual o meu nome é citado, declaro que: Lamentavelmente, por desconhecer o conteúdo da decisão do ministro Edson Fachin, não tenho, neste momento, elementos suficientes que me permitam rebater as supostas acusações feitas contra mim e o meu marido, mas afirmo categoricamente que, em toda a minha vida pública, nunca participei de corrupção e nunca aceitei participar de qualquer movimento de grupos fora da lei. Estarei à disposição para prestar todos os esclarecimentos necessários de maneira a eliminar qualquer dúvida sobre a nossa conduta. Sigo trabalhando no Senado pelo Brasil e pelo Tocantins. Minha história e minha correção são a base fundamental da minha defesa.&quot;
",
http://www1.folha.uol.com.br/poder/2017/04/1874691-politicos-citados-na-lista-de-fachin-negam-irregularidades.shtml,"&quot;O prefeito Napoleão Bernardes disse estar perplexo com esta menção. Ressalta que seu governo e sua vida pública sempre foram e são pautados na ética, na seriedade, na transparência e na verdade. Confiante na Justiça brasileira, Napoleão Bernardes tem certeza de que os fatos serão esclarecidos mostrando sua isenção neste processo.&quot;
",
http://www1.folha.uol.com.br/poder/2017/04/1874691-politicos-citados-na-lista-de-fachin-negam-irregularidades.shtml,"O advogado Antonio Carlos de Almeida Castro, o Kakay, defensor de Oswaldo Borges da Costa, afirma que o ex-presidente da Companhia de Desenvolvimento Econômico de Minas Gerais (Codemig) não cometeu ilícitos ligados a campanhas eleitorais do senador Aécio Neves. &quot;O Oswaldo é reconhecidamente um empresário respeitado em Minas Gerais e todo mundo sabe que ele ajudou o Aécio nas campanhas. Ele não foi tesoureiro, mas foi uma pessoa importante nos contatos com empresários e políticos. É completamente inadmissível que se faça qualquer ilação negativa em relação a isso. Estão tentando criminalizar a política e esse é um momento grave&quot;, disse Kakay.
",
http://www1.folha.uol.com.br/poder/2017/04/1874691-politicos-citados-na-lista-de-fachin-negam-irregularidades.shtml,"A defesa do ex-ministro divulgou nota, assinada pela advogada Verônica Sterman: &quot;Paulo Bernardo nega ter feito esse pedido e informa que não teve qualquer conversa com executivos da Odebrecht para tratar da inclusão da obra no PAC. Ela foi incluída de maneira absolutamente lícita e atendendo a reivindicação da bancada federal do Rio Grande do Sul, sem qualquer participação da empresa Odebrecht.&quot;
",
http://www1.folha.uol.com.br/poder/2017/04/1874691-politicos-citados-na-lista-de-fachin-negam-irregularidades.shtml,"Afirma que conduziu todas as campanhas das quais participou dentro do que estava previsto na lei: &quot;Essas delações contêm informações falsas, que serão desmentidas ao longo das investigações&quot;.
",
http://www1.folha.uol.com.br/poder/2017/04/1874691-politicos-citados-na-lista-de-fachin-negam-irregularidades.shtml,"Diz que nunca recebeu doação de campanha da Odebrecht nem durante seu período no governo do Estado contratou obra ou serviço com a empresa ou o grupo. Afirma também que não recebeu deles nenhum benefício ou favor.
",
http://www1.folha.uol.com.br/poder/2017/04/1874691-politicos-citados-na-lista-de-fachin-negam-irregularidades.shtml,"Diz que nunca recebeu doação de campanha da Odebrecht nem durante seu período no governo do Estado contratou obra ou serviço com a empresa ou o grupo. Afirma também que não recebeu deles nenhum benefício ou favor.
",
http://www1.folha.uol.com.br/poder/2017/04/1874691-politicos-citados-na-lista-de-fachin-negam-irregularidades.shtml,"Afirma que todas as doações para a campanha de 2014 foram realizadas de acordo com a legislação eleitoral vigente e diz estar &quot;à disposição para prestar qualquer informação necessária e espera que tudo seja apurado com agilidade e transparência&quot;.
",
http://www1.folha.uol.com.br/poder/2017/04/1874691-politicos-citados-na-lista-de-fachin-negam-irregularidades.shtml,"O ex-prefeito do Cabo de Santo Agostinho, Vado da Farmácia, negou que tenha recebido qualquer recurso de forma ilícita para sua campanha eleitoral em 2012. Segundo ele, todas as doações foram feitas legalmente, de acordo com a legislação, e as contas foram aprovadas pela Justiça Eleitoral. O ex-prefeito enfatizou que não tem nada a temer e se coloca à disposição da Justiça para fazer os esclarecimentos necessários.
",
http://www1.folha.uol.com.br/poder/2017/04/1874691-politicos-citados-na-lista-de-fachin-negam-irregularidades.shtml,"Segundo a assessoria do PR, o ex-presidente do partido Valdemar da Costa Neto e os integrantes da legenda não comentam conteúdos que serão objeto de apreciação pelo Poder Judiciário.
",
http://www1.folha.uol.com.br/poder/2017/04/1874691-politicos-citados-na-lista-de-fachin-negam-irregularidades.shtml,"Em comunicado, a Odebrecht disse esperar que &quot;os esclarecimentos da colaboração contribuam significativamente com a Justiça brasileira e com a construção de um Brasil melhor&quot;.
</p>

<p>
&quot;Após a colaboração dos executivos e ex-executivos, a Odebrecht reconheceu seus erros, pediu desculpas públicas e assinou um acordo de leniência com as autoridades brasileiras e da Suíça, e também com o Departamento de Justiça dos Estados Unidos. Esse acordo impôs rigorosas multas e sanções para que a empresa continue em atividade&quot;, afirmou.
</p>

<p>
A empresa também disse estar implantando &quot;normas rígidas de combate à corrupção, com vigilância permanente para que todas as suas ações, principalmente na relação com agentes públicos, ocorram sempre dentro da ética, da integridade e da transparência&quot;.",
,,</p>
,,
,,<p>
,,"&quot;Após a colaboração dos executivos e ex-executivos, a Odebrecht reconheceu seus erros, pediu desculpas públicas e assinou um acordo de leniência com as autoridades brasileiras e da Suíça, e também com o Departamento de Justiça dos Estados Unidos. Esse acordo impôs rigorosas multas e sanções para que a empresa continue em atividade&quot;, afirmou."
,,</p>
,,
,,<p>
,,"A empresa também disse estar implantando &quot;normas rígidas de combate à corrupção, com vigilância permanente para que todas as suas ações, principalmente na relação com agentes públicos, ocorram sempre dentro da ética, da integridade e da transparência&quot;."
